Scenario,Total_Energy_kWh_yr,Site_EUI_kWh_m2yr,Operational_CO2_kg_yr,Operational_CO2_kg_m2yr,Embodied_CO2_kg,Total_CO2_kg
Passive Building,9204888.129545601,240.6581251075356,5918743.067297821,154.74317444414538,7303145.14354057,13221888.21083839
