Scenario,Total_Energy_kWh,Site_EUI_kWh_m2_yr,Op_Cost_USD_m2_yr,Operational_CO2_kg_yr,Operational_CO2_Intensity_kg_m2_yr,Embodied_CO2_kg,Embodied_CO2_kg_m2,Total_CO2_kg,Cumulative_CO2_kg_m2_yr
Passive Building,8589108.898208614,224.5588229532753,23.13678027134336,3889336.29244518,101.68514455359887,6753914.370823821,176.57839473379224,10643250.663269002,104.62811779916208
