Scenario,Total_Energy_kWh,Site_EUI_kWh_m2_yr,Op_Cost_USD_m2_yr,Operational_CO2_kg_yr,Operational_CO2_Intensity_kg_m2_yr,Embodied_CO2_kg,Embodied_CO2_kg_m2,Total_CO2_kg,Cumulative_CO2_kg_m2_yr
Baseline,8884484.463601997,232.28129918218073,23.36004469505275,3972428.8789887987,103.8575670541763,6775065.466675158,177.13138169027835,10747494.345663957,106.80975674901427
